{"episode_types": ["t", "t", "t", "t", "t", "t", "t", "t", "t", "t", "t", "t", "t", "t", "t", "t", "t", "t", "t", "t", "t", "t", "t", "t", "t", "t", "t", "t", "t", "t", "t", "t", "t", "t", "t", "t", "t", "t", "t", "t", "t", "t", "t", "t", "t", "t", "t", "t", "t", "t", "t", "t", "t", "t", "t", "t", "t", "t", "t", "t", "t", "t", "t", "t", "t", "t", "t", "t", "t", "t", "t"], "initial_reset_timestamp": 1516940592.424394, "episode_rewards": [-5.0, -5.0, -5.0, -5.0, -5.0, -5.0, -5.0, -5.0, -5.0, -5.0, -5.0, -5.0, -5.0, -5.0, -5.0, -5.0, -5.0, -5.0, -5.0, -5.0, -5.0, -5.0, -5.0, -5.0, -5.0, -5.0, -5.0, -5.0, -5.0, -5.0, -5.0, -5.0, -5.0, -5.0, -5.0, -5.0, -5.0, -5.0, -5.0, -5.0, -5.0, -5.0, -5.0, -5.0, -5.0, -5.0, -5.0, -5.0, -5.0, -5.0, -5.0, -5.0, -5.0, -5.0, -5.0, -5.0, -5.0, -5.0, -4.0, -5.0, -5.0, -5.0, -5.0, -5.0, -5.0, -5.0, -5.0, -5.0, -5.0, -5.0], "timestamps": [1516940593.498558, 1516940594.549035, 1516940595.237694, 1516940595.901592, 1516940596.459706, 1516940597.111701, 1516940597.735021, 1516940598.351304, 1516940599.399514, 1516940600.253574, 1516940600.890569, 1516940601.4863, 1516940602.092513, 1516940602.682481, 1516940603.278244, 1516940603.8841, 1516940604.483991, 1516940605.175719, 1516940605.807442, 1516940606.437975, 1516940607.044343, 1516940607.687685, 1516940608.430884, 1516940609.200021, 1516940609.95251, 1516940610.721615, 1516940611.458315, 1516940612.554243, 1516940613.341424, 1516940613.948668, 1516940614.549153, 1516940615.141442, 1516940615.734217, 1516940616.331749, 1516940616.921825, 1516940617.523852, 1516940618.125315, 1516940618.830847, 1516940619.477897, 1516940620.07239, 1516940620.618931, 1516940621.15467, 1516940621.693512, 1516940622.333558, 1516940622.964874, 1516940623.609553, 1516940624.203198, 1516940624.742642, 1516940625.279369, 1516940625.81616, 1516940626.356512, 1516940626.923789, 1516940627.459329, 1516940628.071285, 1516940628.648536, 1516940629.213008, 1516940629.755857, 1516940630.318563, 1516940630.947198, 1516940631.530445, 1516940632.067541, 1516940632.873437, 1516940633.481004, 1516940634.086189, 1516940635.097847, 1516940635.749518, 1516940636.325036, 1516940636.917166, 1516940637.499889, 1516940638.098946], "episode_lengths": [62, 62, 62, 62, 59, 62, 62, 62, 62, 62, 62, 62, 62, 62, 62, 62, 62, 62, 62, 62, 62, 62, 62, 62, 62, 62, 62, 62, 62, 62, 62, 62, 62, 62, 62, 62, 62, 62, 62, 62, 62, 62, 62, 62, 62, 62, 62, 62, 62, 62, 62, 62, 62, 62, 62, 62, 62, 62, 72, 62, 62, 62, 62, 62, 62, 62, 62, 62, 62, 62]}